"","Peptide Sequences Identified","MS/MS Identified [%]","Mass Standard Deviation [ppm]","MS/MS Identified","Peaks Repeatedly Sequenced [%]","MS/MS","Retention length (FWHM)","Score","Intensity","Mass precision [ppm]","Cycle time","Mass Error [ppm]","Date","Instrument","Type"
"20170105_QEPlus_AC_QC_Hela_01",28070,46.84,0.8268,33275,5.2,63933,9.40250414109915,113.959562074365,259303838.957516,0.481661920464071,0.838702141787319,-0.00286019334818105,"2017-01-05 00:00:00","QEplus","DB"
"20170105_QEPlus_AC_QC_Hela_02",27383,45.79,0.83034,32574,5.38,63727,9.64045433135368,114.05117893411,262218236.236944,0.480070149395863,0.833877043581852,-0.00213535285881602,"2017-01-05 01:00:00","QEplus","DB"
"20170105_QEPlus_AC_QC_Hela_03",26954,46.21,0.8275,32219,5.91,62448,9.84785741851735,114.520234058854,270331120.778515,0.474063582184331,0.810154752121914,-0.010095220990745,"2017-01-05 02:00:00","QEplus","DB"
"20170105_QEPlus_BC_QC_Hela_01",23084,44.32,0.88358,29123,10.48,58292,12.6415078913216,102.88336618713,158143221.929083,0.455148654791309,0.769695920461835,-0.00185235909157269,"2017-01-05 03:00:00","QEplus","DB"
"20170105_QEPlus_BC_QC_Hela_02",23380,43.73,0.88251,29288,10.12,59329,12.6219202426143,102.650647585542,155115618.734527,0.455634941161908,0.787372143794526,0.0080800438677796,"2017-01-05 04:00:00","QEplus","DB"
"20170105_QEPlus_BC_QC_Hela_03",22260,44.08,0.88489,28508,10.78,57397,12.3963535136066,103.528976868423,181142967.921547,0.460980347571478,0.752465577353758,0.00547591086348164,"2017-01-05 05:00:00","QEplus","DB"
"20170105_QEPlus_MYW_QC_Hela_04",26975,45.23,0.83258,33067,6.32,65676,10.2939702730729,111.41236916311,254314840.278949,0.471176425682682,0.876608096430808,0.00157981592824219,"2017-01-05 06:00:00","QEplus","DB"
"20170117_QEPlus_DL_QC_HeLa",192,3.07,0.53698,278,16.57,5607,11.1148586956522,91.9608951651532,87644215.2173913,0.438102864130435,0.379920590709046,0.00501398037634408,"2017-01-17 00:00:00","QEplus","DB"
"20170125_QEPlus_AC_QC_HeLa2",27540,46.31,0.82516,32758,3.97,63857,8.90273638795987,113.862797447383,244041829.203344,0.496214253143813,0.842836558298214,0.00858225949418078,"2017-01-25 00:00:00","QEplus","DB"
"20170130_BenP_QEHF_1ugHeLA_2",39566,43.93,0.87629,53237,3.9,109573,6.19199880412464,111.374602820147,505479655.343758,0.431271787134186,0.888783901683502,-0.00718724308488625,"2017-01-30 00:00:00","QEHF","DB"
"20170130_BenP_QEHF_1ugHeLA",39830,44.01,0.90687,53357,3.84,109302,6.12942352544658,111.465521982694,492157594.37816,0.66250021903157,0.889138640528159,-0.000846205477770274,"2017-01-30 01:00:00","QEHF","DB"
"20170131_BenP_QEHF_1ugHeLA",40347,44.15,0.891,52633,3.53,108316,5.7657879488091,113.960707033727,511756316.290437,0.658574410327053,0.876679418172157,0.00112143675932461,"2017-01-31 00:00:00","QEHF","DB"
"20170131_BenP_QEHF_1ugHeLA_2",40415,44.26,0.89689,52203,3.31,107616,5.79855021333932,113.934059212619,513329558.874916,0.659169689692342,0.859622834440537,-0.00406519772322732,"2017-01-31 01:00:00","QEHF","DB"
"20170206_QEplus_AC_QC_HeLa1",29423,48.29,0.83425,35504,4.57,66089,9.52715769979283,115.369882750715,298871878.187268,0.482843215801369,0.862765786770748,0.00698565596984467,"2017-02-06 00:00:00","QEplus","DB"
"20170206_QEplus_AC_QC_HeLa2",29122,47.92,0.83192,35118,4.78,65793,9.57258848857089,114.310332127311,274869114.647629,0.484622945070601,0.868048532451426,0.0129201896341304,"2017-02-06 01:00:00","QEplus","DB"
"20170214_QEHF_BenP_1ugHeLa",32607,39.77,0.9402,51391,6.85,114217,7.21877180704154,106.174229975603,584300416.021774,0.634631500630145,0.866760782768584,-0.00349539145438669,"2017-02-14 00:00:00","QEHF","DB"
"20170214_QEplus_AC_QC_HeLa_1",27933,46.14,0.85566,34176,4.91,65906,10.0941813591347,112.171215801153,327257391.38031,0.479600258502737,0.846825370501059,-0.000515537794237,"2017-02-14 01:00:00","QEplus","DB"
"20170227_QEplus_AC_QC_HeLa1",29779,49.2,0.85811,36248,4.32,66361,9.74896252813432,115.553980378176,286693254.626498,0.485847526796034,0.868542451659601,-0.00590220553495776,"2017-02-27 00:00:00","QEplus","DB"
"20170301_QEplus_AC_QC_HeLa_03",32003,49.69,0.82669,38501,3.13,69768,8.10909983112862,122.979096329075,394825654.214185,0.522100622375457,0.902345722419164,-0.00435679990452655,"2017-03-01 00:00:00","QEplus","DB"
"20170301_QEplus_AC_QC_HeLa2",31993,49.76,0.84515,39001,3.3,70192,8.18246436632434,122.485781832895,382258361.364406,0.516466991253809,0.913915119138287,-3.16484238059119e-05,"2017-03-01 01:00:00","QEplus","DB"
"20170305_QeHF1_SeHu_CPC-HeLa-1ug",39355,44.32,0.99646,49638,3.81,97289,7.32924209923227,98.7123738755086,469628116.294259,0.644672965876017,0.561524672437997,0.00259748456311516,"2017-03-05 00:00:00","QEHF","DB"
"20170305_QeHF1_SeHu_MA_CPC-HeLa-1ug",39331,44.29,0.99595,49607,3.81,97289,7.32953625315295,98.7477546785515,469554109.000229,0.644925983971566,0.561524672437997,0.00250549752800295,"2017-03-05 01:00:00","QEHF","DB"
"20170316_QEHF_AC_HeLa1",43024,45.44,0.92899,52948,2.12,103586,5.90923466644779,104.567983845089,644132270.896518,0.676847719266206,0.583262748703824,0.000986633654342471,"2017-03-16 00:00:00","QEHF","DB"
"20170316_QEHF_AC_HeLa2",43048,45.36,0.92793,52966,2.21,103769,5.91111652894257,104.909819087668,650597125.52031,0.674686865037216,0.582592310244376,0.00127221910128676,"2017-03-16 01:00:00","QEHF","DB"
"20170318_QeHF1_SeHu_CPC-HeLa-1ug_1",6988,7.59,1.035,7613,2.05,79236,5.73222146908286,61.4668437469326,62078026.5541569,0.615983915479319,0.495790980581187,0.0745339775173403,"2017-03-18 00:00:00","QEHF","DB"
"20170320_QEplus_AC_QC_HeLa_01",29046,50.99,0.781,35514,3.48,63158,8.76362780118459,117.715358911458,86870422.7462295,0.503139353941503,0.876330471570162,0.00313223588319397,"2017-03-20 00:00:00","QEplus","DB"
"20170323_QEHF_AC_HeLa1",7,0.23,1.0976,14,7.2,3297,6.0286,84.1494884490966,76261060,0.217247,0.2562423098382,-0.1056477,"2017-03-23 00:00:00","QEHF","DB"
"20170323_QEHF_AC_HeLa3",36909,45.37,0.99212,49488,4.54,94734,6.92331734351932,97.6574851909456,620873806.324842,0.640827967450144,0.507097103817439,-0.00747721221058829,"2017-03-23 01:00:00","QEHF","DB"
"20170323_QEHF_AC_HeLa3_170325184028",37160,44.52,0.94313,46889,3.97,92007,6.98646679603277,89.901918054859,449839167.026017,0.619153013032437,0.505583066713483,0.00783521549240015,"2017-03-23 02:00:00","QEHF","DB"
"20170326_QeHF1_SeHu_QC_MPI-HeLa_2ug_1",37753,44.97,0.97892,50267,2.92,99578,6.37399869309519,84.4084489966571,509031739.734263,0.663778276715313,0.574146188197767,-0.0156758799831335,"2017-03-26 00:00:00","QEHF","DB"
"20170326_QeHF1_SeHu_QC_MPI-HeLa_2ug_2",37767,45.24,0.99942,50434,2.83,99041,6.26080745341615,82.856154874928,485406151.010134,0.667594714416476,0.570465963869741,-0.00728313051161514,"2017-03-26 01:00:00","QEHF","DB"
"20170327_QEplus_AC_QC_HeLa_01",29676,50.4,0.78422,35546,3.1,64073,8.38535395731504,120.483629131354,262208906.366921,0.494403867876985,0.835043998409385,-0.0117247120318843,"2017-03-27 00:00:00","QEplus","DB"
"20170327_QEplus_AC_QC_HeLa_02",29807,50.24,0.77847,35717,3.1,64466,8.33930329430983,120.783448437915,272811068.476268,0.494362300692743,0.838536657681941,-0.0116532902037867,"2017-03-27 01:00:00","QEplus","DB"
"20170329_QeHF1_MYW_QC_MPI-HeLa_2ug_1",41091,44.55,0.91466,51325,2.29,102048,6.01902039568042,92.6980498943355,675635749.36514,0.655624979751962,0.564250224137931,-0.00408002437423727,"2017-03-29 00:00:00","QEHF","DB"
"20170405_QEplus_BC_QC_HeLa",29790,47.77,0.798,35720,3.56,67119,9.12470860104255,115.940053300097,309479297.787611,0.479182151685053,0.880216996751546,-0.0242195367461926,"2017-04-05 00:00:00","QEplus","DB"
"20170406_QEplus_BP_QC_nLC1000_newHELA_1",30126,41.08,1.3678,36683,3.95,77775,7.62159926425506,114.97249294985,438394271.354997,1.66887053736971,0.81362790936829,-0.0176216554825158,"2017-04-06 00:00:00","QEplus","DB"
"20170406_QEplus_BP_QC_nLC1000_oldHELA_1",31018,43.87,1.3377,37849,3.65,75387,7.54833742691777,111.645564910685,402174828.67174,1.66265113182713,0.760524360409845,-0.0208535357103187,"2017-04-06 01:00:00","QEplus","DB"
"20170406_QEplus_BP_QC_nLC1000_oldHELA_2",30585,43.09,1.3345,37109,3.58,75098,7.55589991581985,111.100404919313,407849245.778967,1.64663924941375,0.750596859883236,-0.0185045074260468,"2017-04-06 02:00:00","QEplus","DB"
"20170407_QEplus_BP_QC_Dionex_newHELA_1",28920,40.57,1.4003,35610,3.67,75001,7.85746579399962,109.994029193769,322549314.523218,1.66339803070259,0.556654219350563,-0.0338411865194395,"2017-04-07 00:00:00","QEplus","DB"
"20170407_QEplus_BP_QC_Dionex_oldHELA_1",31375,43.5,1.3459,38732,2.97,77142,7.68387860247027,113.35014086396,401393951.661139,1.67512247198079,0.578702171546676,-0.0317715611025451,"2017-04-07 01:00:00","QEplus","DB"
"20170413_QEHF_SeHu_QC_HeLa_1_before first run",35228,40.67,0.93342,46521,3.91,99115,6.83730630189326,90.8475330210316,760572258.024933,0.63638508866247,0.525522889051095,0.0021883966308467,"2017-04-13 00:00:00","QEHF","DB"
"20170413_QEHF_SeHu_QC_HeLa_2_before first run",36018,41.17,0.93447,47331,3.82,99513,6.83257370307126,91.9749107686223,762100370.131557,0.640296452415883,0.525873611861807,0.00433273432293672,"2017-04-13 01:00:00","QEHF","DB"
"20170414_QEHF_SeHu_QC_HeLa_2",36991,42.05,0.94112,48324,3.63,99604,6.72348730629739,99.5242273193898,746542275.745372,0.650885639277472,0.52530298336495,-0.00806366624239639,"2017-04-14 01:00:00","QEHF","DB"
"20170417_QEHF_SeHu_QC_HeLa_middle of run",37836,41.96,0.91657,49478,3.58,102184,6.57287060998152,100.119385237163,679438610.445933,0.431958251270795,0.560713442367601,-0.00758177755474646,"2017-04-17 00:00:00","QEHF","DB"
"20170419_QEplus_BC_QC_HeLa_new_01",24338,33.31,1.3887,30154,4.85,74246,8.24220011463508,89.535697968187,152894279.673672,1.58695046507451,0.546468778218724,-0.0307788285374099,"2017-04-19 00:00:00","QEplus","DB"
"20170422_QEHF_MSCF_QC_HeLa",34654,41.83,0.95295,45547,5.59,93780,7.57954608092006,90.7280558563978,560376826.594312,0.601558131559861,0.503543498391383,0.00589494704931812,"2017-04-22 00:00:00","QEHF","DB"
"20170501_QEplus_BC_HeLa_01",17496,33.12,1.4803,26224,12.67,63734,11.3743132778984,82.316790276164,163786321.217097,1.0767060147238,0.441488141490592,-0.0399233990879939,"2017-05-01 00:00:00","QEplus","DB"
"20170504_QEplus_BP_QC_HeLa_2",30785,43,1.3665,38692,2.35,78007,6.95390037985891,115.235974940884,437771816.005484,1.46387511490018,0.601358157216495,-0.0293357591618816,"2017-05-04 00:00:00","QEplus","DB"
"20170504_QEplus_BP_QC_HeLa_1",30667,43.48,1.3723,38772,2.45,77333,6.93058485654624,114.260197140692,434855527.838325,1.7714528007094,0.592374240479549,-0.0165152811592707,"2017-05-04 01:00:00","QEplus","DB"
"20170508_QEHF_SeHu_QC_HeLa",34698,39.25,0.95867,45828,3.98,100978,6.91290029732408,87.366149245648,566153442.849356,0.65420759122894,0.555892750926498,-0.00899729144386596,"2017-05-08 00:00:00","QEHF","DB"
"20170513_QEHF_SeHu_QC_HeLa",35705,39.32,0.94185,46470,3.49,103009,6.5899698510628,84.9822426656953,606216855.873138,0.666560958451824,0.579320394271001,-0.00481721659498883,"2017-05-13 00:00:00","QEHF","DB"
"20170513_QEplus_SH_QC_HeLa_1",25688,35.98,1.4052,31331,3.89,73434,7.93712617742918,89.4068673302814,204932012.277497,1.64938621714838,0.5399403535386,-0.0248924911470364,"2017-05-13 01:00:00","QEplus","DB"
"20170515_QEHF_SeHu_QC_HeLa_preclean_1",36292,40.26,0.94883,46553,3.78,100271,6.74357354990629,82.0876638132037,607674165.630256,0.655552047119035,0.55978070828798,-0.00308476177115666,"2017-05-15 00:00:00","QEHF","DB"
"20170515_QEHF_SeHu_QC_HeLa_preclean_2",36059,39.99,0.96141,46251,3.63,100120,6.70833346213292,83.3750207838721,593991642.020866,0.661338915282071,0.558860454086781,-0.00324152660271481,"2017-05-15 01:00:00","QEHF","DB"
"20170517_QEHF_SeHu_QC_HeLa_postclean_1",36760,41.47,0.92998,48134,3.67,100324,6.42269865296161,88.1224915514353,641303793.095842,0.632091475100911,0.550240853649217,-0.0046274771904378,"2017-05-17 00:00:00","QEHF","DB"
"20170517_QEHF_SeHu_QC_HeLa_postclean_2",37265,42.21,0.93044,48737,3.47,99985,6.67287586907814,89.6464710379755,645818976.469637,0.632225391472062,0.545228389246498,-0.0110218026027199,"2017-05-17 01:00:00","QEHF","DB"
"20170518_QEHF_SeHu_QC_HeLa_1",38432,42.83,0.92362,50129,3.53,101125,6.72031869736103,93.1413062862845,640731277.626053,0.620343631982033,0.546427673041894,-0.00829044752611606,"2017-05-18 00:00:00","QEHF","DB"
"20170522_QEHF_SeHu_QC_HeLa_mid",36774,40.99,0.95813,48372,4.54,101060,6.96001976381626,91.3988370511466,627669122.022538,0.609576983084137,0.550028042780749,-0.0233743195064188,"2017-05-22 00:00:00","QEHF","DB"
"20170522_QEHF_SeHu_QC_HeLa_NewCol",35254,40.35,0.93644,46640,4.17,99128,7.25559290520459,92.588851086096,657459075.386956,0.619018168596495,0.533119338022954,-0.0165129382068131,"2017-05-22 01:00:00","QEHF","DB"
"20170526_QEplus_SH_QC_HeLa_1_postGregHCDclean",28483,40.1,1.4398,35339,3.81,74523,7.82330977022717,108.627136457915,449338484.352015,1.64013289129727,0.549764691406506,-0.02382525627406,"2017-05-26 00:00:00","QEplus","DB"
"20170529_QEHF_MYW_QC_HeLa_NewColumn01",37108,40.26,0.90832,45735,3.15,101225,6.47567947560918,80.9447178687168,412418880.240346,0.637981394955588,0.606328116051878,-0.0137802322772497,"2017-05-29 00:00:00","QEHF","DB"
"20170529_QEHF_MYW_QC_HeLa_NewColumn02",36572,39.38,0.90491,44538,3.07,100430,6.52155228399131,79.0364121394686,396412842.945384,0.632522799482409,0.602333748849661,-0.00754160432853446,"2017-05-29 01:00:00","QEHF","DB"
"20170602_QEplus_AC_HELA01",26672,37.23,1.4186,32207,3.47,73234,7.22777776223287,93.1309444708446,255943687.212759,1.67817700755483,0.539944001414154,-0.0174269927000878,"2017-06-02 00:00:00","QEplus","DB"
"20170607_QEHF_MYW_QC_HeLa_NewColumn01",24962,25.58,0.89202,29851,2.95,102997,6.196067121689,56.4355683050071,644996827.015242,0.414378174558829,0.602898580639759,0.00665172766029746,"2017-06-07 00:00:00","QEHF","DB"
"20170607_QEHF_MYW_QC_HeLa_NewColumn02",25035,25.91,0.89694,30053,3.15,102136,6.25513487550768,56.2362499519951,650621537.729119,0.411246363023133,0.59239478854698,-0.00434638536868142,"2017-06-07 01:00:00","QEHF","DB"
"20170613_QEHF_MYW_QC_HeLa_NewColumn02",5753,5.31,0.87615,6316,3.23,104024,5.48303694060212,53.6782704847769,1019345352.80716,0.593147399349064,0.585595037006913,0.0428927366917197,"2017-06-13 02:00:00","QEHF","DB"
"20170615_QEHF_GB_QC_HeLa_1",27200,28.38,0.85047,33643,3.09,103072,6.10950767958788,57.8915502026516,890239837.863707,0.415038953509079,0.544819653424139,-0.0201914962184264,"2017-06-15 00:00:00","QEHF","DB"
"20170617_QeHF1_SeHu_HeLa_postclean_2",38563,43.53,0.89295,50016,2.91,101255,6.29844555068808,92.7867590507299,638701924.377185,0.634174512500553,0.548844698124714,-0.00136993156551846,"2017-06-17 00:00:00","QEHF","DB"
"20170617_QeHF1_SeHu_HeLa_postclean_3",38811,43.73,0.8974,50402,2.87,101504,6.2857420913884,93.7193636871681,646030859.982425,0.635943106217047,0.550544338915653,-0.00257287864310962,"2017-06-17 01:00:00","QEHF","DB"
"20170619_QEPlus_MW_HeLa01_PreRun",24598,32.66,1.4834,31397,4.83,77971,8.68940338208746,95.2857369544232,305330572.051726,1.62709039428214,0.584125157858136,-0.0217787558780384,"2017-06-19 00:00:00","QEplus","DB"
"20170619_QEPlus_MW_HeLa02_EndRun",25335,34.16,1.4735,32345,4.29,77557,8.79202039654006,98.0973553226574,334264336.863276,1.6403070126366,0.581725694300159,-0.0348036029851241,"2017-06-19 01:00:00","QEplus","DB"
"20170620_QEHF_BP_HeLa_1",35517,43.05,0.92799,47077,4.64,94622,7.30186925280381,91.0986956178024,574702619.328058,0.59719894635141,0.499399879309149,-0.00638982373981564,"2017-06-20 00:00:00","QEHF","DB"
"20170620_QEHF_BP_HeLa_1_170622223545",35418,43.01,0.95345,47055,5,94750,7.48853561771791,89.8764722019648,512962131.274274,0.60366441082051,0.510430706841546,-0.010038518836424,"2017-06-20 01:00:00","QEHF","DB"
"20170622_QEplus_ML_HELA_2",30182,41.19,1.39,38325,3.37,79997,7.41548721439564,112.440786206145,648876943.639754,1.43353076610039,0.620690750018473,-0.00965090303017621,"2017-06-22 00:00:00","QEplus","DB"
"20170622_QEplus_ML_HELA_1",30671,43.07,1.3989,38961,3.41,78219,7.52960661915055,112.574391647944,662036644.356488,1.72778897873459,0.59746777082296,-0.0193842029092822,"2017-06-22 01:00:00","QEplus","DB"
"20170622_QEplus_ML_HELA_3",30348,41.57,1.3925,38404,3.54,79390,7.38710551899935,111.36433883301,634830081.157745,1.71636861070603,0.609472667247134,-0.0082319635028617,"2017-06-22 02:00:00","QEplus","DB"
"20170623_QEHF_SeHu_QC_HeLa_2",36562,41.17,0.90653,47885,3.04,101650,6.27364286047597,93.4781789762752,589315091.229585,0.635411537424172,0.55475546540299,-0.00450021468510935,"2017-06-23 00:00:00","QEHF","DB"
"20170623_QEHF_SeHu_QC_HeLa_2_170625020459",37058,42.75,0.90848,47995,3.52,98525,6.58752180178505,90.768953945068,495825368.062012,0.627663583255857,0.548048042932176,-0.0102836923878443,"2017-06-23 01:00:00","QEHF","DB"
"20170623_QEHF_SeHu_QC_HeLa_3",36593,41.28,0.91042,47627,3.04,101119,6.24781436832533,91.0519478890215,546849271.321643,0.63930382446486,0.559914183062447,-0.00900543699058986,"2017-06-23 02:00:00","QEHF","DB"
"20170623_QEHF_SeHu_QC_HeLa_3_170625043825",37202,42.25,0.91121,46962,3.11,98607,6.54159132441378,86.8977349071953,415337279.555732,0.634097158547387,0.56726853372203,-0.0124393612423418,"2017-06-23 03:00:00","QEHF","DB"
"20170623_QEHF_SeHu_QC_HeLa_NewCol_1",36216,40.88,0.92292,47390,3.12,101365,6.25421715014044,93.3700762929097,576369442.049236,0.639576895107041,0.552560975441289,-0.0165511096770387,"2017-06-23 04:00:00","QEHF","DB"
"20170624_QEHF_SeHu_QC_HeLa_NewCol_1",37041,42.29,0.91397,47758,3.22,99379,6.55946707795069,90.0740762337047,476605731.277686,0.632198243871327,0.557740688666822,-0.00635772298782667,"2017-06-24 00:00:00","QEHF","DB"
"20170628_QEplus_ML_HELA_1",19843,29.86,1.4187,26068,5.83,70866,8.00160515002037,80.7181280973806,190156280.309544,1.6084733598226,0.507233053743961,-0.0584879078220391,"2017-06-28 00:00:00","QEplus","DB"
"20170628_QEplus_ML_HELA_2",17903,27.49,1.4272,23949,6.69,69529,8.25293213949105,77.1357454890042,159049776.31827,1.57109070559055,0.491697930691331,-0.0381868757002339,"2017-06-28 01:00:00","QEplus","DB"
"20170629_QECl_AC_QC_HeLa01",3867,57.58,0.98839,5982,21.54,10041,3.14020274426307,119.04774328448,3174477570.78306,0.674170845043766,0.258444217478702,-0.00463569532481413,"2017-06-29 00:00:00","QECl","DB"
"20170629_QECl_AC_QC_HeLa02_170704004910",3855,55.45,1.0096,5808,22.3,10079,3.15680407969639,117.469319776644,3109251572.77686,0.676512971306616,0.258724541970103,0.0168735224123422,"2017-06-29 01:00:00","QECl","DB"
"20170629_QEHF_SeHu_QC_HeLa_2",34663,40.21,0.94436,45692,3.72,98641,6.63018171669561,88.9498426981997,537823924.338874,0.635538665566857,0.537024957857835,-0.0069128732039859,"2017-06-29 02:00:00","QEHF","DB"
"20170629_QEHF_SeHu_QC_HeLa_3",34994,40.43,0.93341,46047,3.73,98559,6.73848841675078,88.779198682381,546456216.777863,0.6254743655186,0.536539599075937,-0.00274628912087808,"2017-06-29 03:00:00","QEHF","DB"
"20170629_QEHF_SeHu_QC_HeLa_NewCol_1",34404,40.09,0.94195,45370,3.68,98091,6.60027791637561,88.2261617072884,518331731.730865,0.634854198108971,0.534585218295218,-0.00140054097124472,"2017-06-29 04:00:00","QEHF","DB"
"20170629_QEplus_ML_HELA_1",30183,42.45,1.3996,38890,3.59,78606,7.85838127286028,107.086131900321,670400130.929042,1.6882311453109,0.597209561322432,-0.0197354416539148,"2017-06-29 05:00:00","QEplus","DB"
"20170629_QEplus_ML_HELA_2",29957,42.45,1.4073,38574,3.52,77916,7.83505444041619,105.849935450408,699051680.785215,1.68970872505674,0.586583710893855,-0.0187181246931148,"2017-06-29 06:00:00","QEplus","DB"
"20170630_QEplus_QC_MYW_HeLa01",29786,41.13,1.4014,38094,3.9,78873,8.01034394597202,103.318288427779,733967617.767125,1.67950742923903,0.59784480569395,-0.00859699887835399,"2017-06-30 00:00:00","QEplus","DB"
"20170703_QEHF_SeHu_QC_HeLa_1",33026,41.16,0.97126,44561,5.9,92789,7.8813478272369,82.3937901950935,480223951.799836,0.590603489751117,0.504580241082066,-0.0110490284562206,"2017-07-03 02:00:00","QEHF","DB"
"20170703_QEHF_SeHu_QC_HeLa_2",33321,41.15,0.96007,44398,5.86,92542,7.86494137455587,82.3889042364505,491868791.504481,0.583592099644694,0.500855220173913,-0.00801078427546756,"2017-07-03 03:00:00","QEHF","DB"
"20170703_QEHF_SeHu_QC_HeLa_3",33411,40.77,0.95614,44034,5.74,92766,7.79034831043446,81.6466524341426,473852036.576309,0.582753503580712,0.504579941131123,-0.0128587124043925,"2017-07-03 04:00:00","QEHF","DB"
"20170703_QEplus_ML_HELA_1",29469,41.33,1.4146,38354,3.75,78847,7.89553409462634,103.37057487115,724309206.53344,1.71549572751063,0.599609231208509,-0.0205681130897884,"2017-07-03 05:00:00","QEplus","DB"
"20170704_QECl_AC_QC_HeLa01",27690,39.03,1.4879,34613,3.49,75357,7.00059760306807,99.795473392012,506759671.994247,1.56618588795142,0.9261231566761,-0.0235692944773736,"2017-07-04 00:00:00","QECl","DB"
"20170704_QECl_AC_QC_HeLa02",1079,2.01,1.2003,1363,6.38,47131,6.94202839116719,70.3905262993296,60568570.1025237,1.24314384621451,0.434379007541478,0.160584535488959,"2017-07-04 01:00:00","QECl","DB"
"20170705_QEHF_SeHu_QC_HeLa_2",36932,42.83,0.93631,49748,3.03,101544,6.37802990519513,88.1798243261529,558407657.148648,0.668247635552953,0.575936787457003,-0.00802845912645311,"2017-07-05 00:00:00","QEHF","DB"
"20170705_QEHF_SeHu_QC_HeLa_3",37105,42.79,0.93445,49108,3.01,100901,6.44873815512202,86.1188991538537,511841589.599619,0.674344453130311,0.584496970287384,-0.00981854466769332,"2017-07-05 01:00:00","QEHF","DB"
"20170705_QEHF_SeHu_QC_HeLa_NewCol_1",37027,42.79,0.92919,49745,3.02,101811,6.36560972110125,87.6485029413719,547805168.895166,0.669239189601829,0.581048204341861,-0.0104900706735495,"2017-07-05 02:00:00","QEHF","DB"
"20170709_QECl_DL_QC_HeLa01",27983,38.47,1.479,34034,3.93,75101,7.24672500652571,96.2280424908445,334546029.548421,1.52912146273819,0.920083325239617,-0.00445674141139978,"2017-07-09 00:00:00","QECl","DB"
"20170710_QEHF_SeHu_QC_HeLa_2",36638,41.63,0.941,49232,3.21,103271,6.49776441904243,83.8620970934293,577359175.607267,0.672341763920074,0.594741394349909,-0.012545868354753,"2017-07-10 03:00:00","QEHF","DB"
"20170710_QEHF_SeHu_QC_HeLa_NewCol_1",35863,41.05,0.94057,48001,3.19,102103,6.58361673814768,82.7065701629553,545472611.69352,0.667351913689579,0.587670354256795,-0.00750086470233572,"2017-07-10 04:00:00","QEHF","DB"
"20170710_QEplus_ML_HELA_1",27045,38.97,1.4593,36856,4.67,79016,8.43225803171375,95.6772929519574,660994911.404875,1.70052226066923,0.602268674983867,-0.0277056249385892,"2017-07-10 05:00:00","QEplus","DB"
"20170710_QEplus_ML_HELA_2",27750,40.26,1.4508,37324,4.57,78023,8.41756128260801,96.8881628812513,660117227.5874,1.69918118342302,0.586128864001117,-0.0323607770829382,"2017-07-10 06:00:00","QEplus","DB"
"20170711_QECl_ML_QC_HeLa_1",18072,30.58,1.6552,29106,14.38,73231,11.4604966263926,95.7450834503202,470168950.598881,1.53421066195931,0.831832687463894,-0.00371683705756026,"2017-07-11 00:00:00","QECl","DB"
"20170711_QECl_ML_QC_HeLa_2",19251,30.73,1.6152,29674,12.42,75186,10.2404752232786,93.2543068475908,625950973.254586,1.62454279780083,0.903577564006024,-0.00422673773146057,"2017-07-11 01:00:00","QECl","DB"
"20170713_QEHF_SeHu_QC_HeLa_1",37913,43.27,0.90438,49732,2.46,102240,6.14379027554085,82.7676761449995,628554243.858007,0.671248961694163,0.579915559403947,-0.0140743752574972,"2017-07-13 02:00:00","QEHF","DB"
"20170713_QEHF_SeHu_QC_HeLa_2",38452,43.25,0.90396,50224,2.41,103654,6.09591360844737,81.5751608776366,616876940.913695,0.671737044348669,0.596012561258278,-0.0149953598429916,"2017-07-13 03:00:00","QEHF","DB"
"20170716_QEplus_BC_HELA",25343,36.69,1.444,33970,5.2,77615,8.73793888734739,88.7228635207013,678208082.304384,1.64270512146226,0.580063962433534,-0.0194085815309521,"2017-07-16 00:00:00","QEplus","DB"
"20170717_QEHF_BP_HeLa_1",28600,31.14,0.85718,35922,3.15,98181,6.26785936677912,69.4621693190083,523681147.658692,0.644167304292656,0.561747749863463,-0.0181952604642565,"2017-07-17 00:00:00","QEHF","DB"
"20170717_QEHF_BP_HeLa_2",29118,31.77,0.86876,36693,3.28,98439,6.46137991994663,69.0950395983941,515645145.651647,0.640292953514464,0.56289036979126,-0.00416323795358335,"2017-07-17 01:00:00","QEHF","DB"
"20170717_QEHF_BP_HeLa_3",29051,31.74,0.86777,36544,3.45,98186,6.41424417222781,69.0734771856202,519724225.849407,0.637048624127739,0.558646883923029,-0.00981420465194929,"2017-07-17 02:00:00","QEHF","DB"
"20170717_QEHF_BP_HeLa_4",24952,27.99,0.85245,31713,4.13,94907,6.49700050357901,66.8133804935731,549516527.423474,0.603688656307327,0.510268371367824,-0.007561211146299,"2017-07-17 03:00:00","QEHF","DB"
"20170717_QEplus_WK_HELA",24684,35.28,1.4605,32989,5.19,78042,8.62029812181475,84.5303309521811,650273424.712214,1.65286789158559,0.58229990779896,-0.00790528298978148,"2017-07-17 04:00:00","QEplus","DB"
"20170719_QEplus_AC_HELA1_40_postSlens",28430,38.73,1.4096,35567,2.86,79290,7.4960106366387,92.4325161239087,458730813.531302,1.71632821238966,0.618004450412007,-0.0410358533062136,"2017-07-19 00:00:00","QEplus","DB"
"20170719_QEplus_AC_HELA2_40_postSlens",28498,38.3,1.4049,35588,2.89,79909,7.40112294273562,92.7656801858686,463761683.172656,1.71735683230599,0.625361794222752,-0.0374016251274142,"2017-07-19 01:00:00","QEplus","DB"
"20170721_QECl_ML_QC_HeLa_1",27978,40.96,1.5196,35909,4.3,74368,7.78192487723997,109.514622576907,759365650.396965,1.8523886043427,0.894668519945321,-0.0225395380458896,"2017-07-21 02:00:00","QECl","DB"
"20170721_QEplus_ML_HELA_1",34,2.48,1.222,52,7.84,1400,6.05745,83.7956202507019,72867090,1.78218165,0.257265196047179,0.1700148,"2017-07-21 03:00:00","QEplus","DB"
"20170722_QEplus_ML_HELA_1",27603,38.39,1.3985,35178,2.75,79088,7.6036703573226,92.8255976425225,715985000.949924,1.75440118177529,0.616233111290441,-0.0197242311697894,"2017-07-22 00:00:00","QEplus","DB"
"20170722_QEplus_ML_HELA_2",28184,38.58,1.3995,35714,2.78,79985,7.49437647168175,94.1128666438028,716248505.212852,1.75585894804189,0.630141749437359,-0.0457688064178386,"2017-07-22 01:00:00","QEplus","DB"
"20170723_QECl_DL_QC_HeLa_1",28024,40.31,1.4995,35004,3.88,74111,7.50674790321026,104.325074459157,425410302.744304,1.87496763944857,0.887083633563332,-0.0170066336954243,"2017-07-23 00:00:00","QECl","DB"
"20170724_QEplus_ML_HELA_1",24972,34.1,1.4018,31556,2.88,80137,7.66958135680994,81.7029040415866,759675303.939237,1.72386973744174,0.62986550314937,-0.0502701593981055,"2017-07-24 00:00:00","QEplus","DB"
"20170724_QEplus_ML_HELA_2",24993,34.07,1.3983,31595,2.81,80059,7.67852661471861,81.9054761526187,756012942.126407,1.71224761942857,0.627973421800239,-0.0525282638905848,"2017-07-24 01:00:00","QEplus","DB"
"20170728_QEplus_ML_HELA_1",23910,32.65,1.4051,30320,3.02,79855,7.76022400260426,78.4041725794122,730508190.187,1.71000157565016,0.620099049904031,-0.0370446452076605,"2017-07-28 00:00:00","QEplus","DB"
"20170801_QEplus_ML_HELA_1_40cm",19936,27.07,1.4573,25652,3.76,80487,8.07688851828095,66.71930775926,622944308.381441,1.38315933957665,0.626062731609153,-0.0439010622204513,"2017-08-01 00:00:00","QEplus","DB"
"20170802_QEPlus_BC_HeLa_55cm",20256,27.16,1.3918,25206,2.66,80326,7.33427414772727,70.0374037146128,713681840.3323,1.38684465952135,0.631140715305432,-0.0268918476393422,"2017-08-02 00:00:00","QEplus","DB"
"20170802_QECL_AC_QC_HeLa1",26604,40.7,1.5589,35700,5.55,73613,8.35005336503533,105.204348207898,621100359.673744,1.82469780850642,0.869971229003021,-0.0156392685001882,"2017-08-02 01:00:00","QECl","DB"
"20170804_QEHF_SeHu_QC_systemtest_HeLa_2",39595,43.48,0.91204,51333,2.74,104095,6.36302281433922,94.1451593155511,577270075.950776,0.443965500759765,0.604258862778011,-0.00736358677602433,"2017-08-04 00:00:00","QEHF","DB"
"20170804_QEplus_ML_HELA_55cm",23905,33.22,1.4012,30400,3.09,78470,7.308401549198,78.0821947020736,803670015.382367,1.38861121564544,0.603004539124192,-0.0168444614573016,"2017-08-04 01:00:00","QEplus","DB"
"20170804_QEHF_SeHu_QC_systemtest_HeLa_1",39222,42.81,0.92361,50880,2.74,104498,6.37055400636515,94.3604406306438,564214327.770681,0.678621381714261,0.610973157671419,-0.0139289704747039,"2017-08-04 02:00:00","QEHF","DB"
"20170804_QEHF_SeHu_QC_systemtest_HeLa_3",40024,43.75,0.9275,51763,2.7,104323,6.34928547426627,94.6563134435778,587205036.207997,0.673204700680561,0.606161481730931,-0.00756486343071327,"2017-08-04 03:00:00","QEHF","DB"
"20170804_QEHF_SeHu_QC_systemtest_HeLa_4",39700,43.82,0.93663,51520,2.76,103764,6.41864455401165,94.6935761320883,592166951.002113,0.672387278649335,0.600190557685895,-0.00589249502525087,"2017-08-04 04:00:00","QEHF","DB"
"20170804_QEplus_ML_HELA_2",23519,32.41,1.3875,29487,3.06,78218,7.30564752007203,79.7236162992391,789771656.411796,1.66433685938321,0.597944361474943,-0.0158943630558559,"2017-08-04 05:00:00","QEplus","DB"
"20170805_QECla_MartyW_HeLa_end",24728,36.37,1.5518,32518,5.68,72993,7.34984094742245,98.4767646578919,486375007.937963,1.85642529434626,0.863386198584962,0.00112608404410641,"2017-08-05 00:00:00","QECl","DB"
"20170807_QEplus_ML_HELA_1",21064,28.83,1.4278,26844,3.59,79032,7.88641132091201,73.7109207585296,647023639.010462,1.61834349193448,0.602274062522406,-0.0439754055686651,"2017-08-07 00:00:00","QEplus","DB"
"20170808_QEHF_SeHu_QC_HeLa_1",30695,38.26,1.0039,42320,6.62,93717,8.79373605631404,76.6049229209348,419667908.878544,0.598667760949164,0.537694224047797,-0.01308540242889,"2017-08-08 03:00:00","QEHF","DB"
"20170808_QEHF_SeHu_QC_HeLa_2",30395,37.76,0.98986,41785,6.91,93966,9.02519932988648,76.3128694514842,458653808.925219,0.585518129747841,0.532413915551283,-0.0070964312307266,"2017-08-08 04:00:00","QEHF","DB"
"20170809_QEplus_WK_HeLA_55cm_postclean",31568,42.74,1.4026,39927,3.1,80282,7.59139118169765,125.592934424526,658062141.806539,1.42758158579932,0.627467517741092,-0.00636048377769965,"2017-08-09 00:00:00","QEplus","DB"
"20170809_QEplus_WK_HeLA_1_postclean",31828,43.01,1.4017,40176,3.1,80282,7.58636446010571,125.3427235035,658290323.061219,1.72240397846575,0.627467517741092,-0.0013357325793815,"2017-08-09 01:00:00","QEplus","DB"
"20170810_QEplus_WK_HeLA_2_postclean_prerun_1",30391,40.02,1.4015,38759,3.7,80757,7.37264913935393,68.4013725997271,57290066.5644895,0.549887716812073,0.385130225584594,0.0456198635503371,"2017-08-10 00:00:00","QEplus","DB"
"20170810_QECl_AC_HeLa_35",24465,35.11,1.5624,31619,6.54,74414,8.1614257283932,88.1186645314452,211226718.762957,1.74732975602126,0.89696155475271,-0.0176220661401489,"2017-08-10 01:00:00","QECl","DB"
"20170810_QEplus_WK_HeLA_2_postclean_prerun_2",4832,5.73,0.77868,5907,11.83,79611,7.38991106374734,69.3831511755409,51305733.2590583,0.546818493896532,0.380587826559739,0.00792645725205899,"2017-08-10 02:00:00","QEplus","DB"
"20170811_QECl_MYW_HeLa_PostClean36_1",26725,39.56,1.5667,35286,6.88,73993,7.9025398879717,120.402257207261,624908568.37559,1.24490369339623,0.626478212261336,-0.0235630373775283,"2017-08-11 00:00:00","QECl","DB"
"20170811_QEplus_WK_HeLA_3_postclean_postitraq1_1",30457,41.83,1.4224,38256,3.44,78523,8.25898226048392,112.499028823321,423652578.016044,1.20480515570991,0.548359490142316,-0.00528888303502562,"2017-08-11 03:00:00","QEplus","DB"
"20170811_QECl_MYW_HeLa_PostClean36_2",30701,40.32,1.4052,39054,3.7,80757,7.90065819929097,120.080000850445,623376289.431895,1.68055108484955,0.626478212261336,-0.0219604740110392,"2017-08-11 04:00:00","QECl","DB"
"20170811_QEplus_WK_HeLA_3_postclean_postitraq1_2",30722,42.1,1.4264,38503,3.44,78523,7.95850117584808,121.919929117464,637258921.859016,1.69123867346699,0.599680811736989,-0.0197696483607398,"2017-08-11 07:00:00","QEplus","DB"
"20170812_QEplus_WK_HeLA_4_postclean_postitraq2_1",28570,40.16,1.4209,35371,4.39,74860,7.91787568833053,112.965207049129,415091588.501995,1.21726656398589,0.543220996572463,-0.0160913015739174,"2017-08-12 00:00:00","QEplus","DB"
"20170812_QEplus_WK_HeLA_5_postclean_postitraq3_170815092746_1",27913,40.06,1.4267,35044,4.31,74386,10.4700528433365,100.665478720843,745301624.538554,1.28378007320918,0.986264216438356,-0.00806315518039641,"2017-08-12 01:00:00","QEplus","DB"
"20170812_QEplus_WK_HeLA_4_postclean_postitraq2_2",28880,40.64,1.4274,35796,4.39,74860,8.26661392302977,112.006882178814,422176816.648924,1.62803401171006,0.548359490142316,-0.00827398469520919,"2017-08-12 02:00:00","QEplus","DB"
"20170812_QEplus_WK_HeLA_5_postclean_postitraq3_170815092746_2",28256,40.48,1.4386,35411,4.31,74386,7.92487344040134,112.388445105526,413242671.775744,1.64093725429195,0.543220996572463,-0.0196442492888037,"2017-08-12 03:00:00","QEplus","DB"
"20170814_QECl_KG_hela_1",21686,33.4,1.66,32725,10.73,77194,8.40028852941176,120.489000156509,579928170.754902,1.21372885094771,0.543824864042471,-0.0123064356562928,"2017-08-14 00:00:00","QECl","DB"
"20170814_QECl_KG_hela_2",22011,33.78,1.6632,33100,10.73,77194,10.4797912825156,100.425880174452,746008435.092196,1.73374690809187,0.986264216438356,-0.0191005236316112,"2017-08-14 01:00:00","QECl","DB"
"20170814_QEplus_WK_HeLA_6_postclean_postitraq4",30048,42.63,1.4223,38318,3.85,77266,8.12564357264599,119.873906818755,591557823.448853,1.66397057916455,0.581749193157421,-0.00102381219644589,"2017-08-14 02:00:00","QEplus","DB"
"20170815_QEplus_WK_HeLA_7_postclean_postitraq5",30392,42.97,1.4416,38609,3.95,77137,8.08307201910163,119.045809676024,614239576.493061,1.66724197445157,0.57838631963093,-0.00473785543803364,"2017-08-15 00:00:00","QEplus","DB"
"20170816_QEplus_WK_HeLA_6_postclean_itraq3_1",27563,41.23,1.4371,36085,5.31,74520,7.74005045435161,109.613829486379,356402437.24699,1.22821384761998,0.543429846024455,-0.0241387945883446,"2017-08-16 00:00:00","QEplus","DB"
"20170816_QEplus_WK_HeLA_6_postclean_itraq3_170816062405_1",27898,40.24,1.4346,35141,4.34,74364,6.31132856774858,80.3000742468836,131363687.59982,0.618203907747295,0.403252345175228,-0.00743597485173072,"2017-08-16 01:00:00","QEplus","DB"
"20170816_QEplus_WK_HeLA_6_postclean_itraq3_2",27923,41.68,1.4447,36482,5.31,74520,8.40434669597827,119.939712990368,576805341.183887,1.63922020810164,0.543824864042471,-0.0102011146277195,"2017-08-16 02:00:00","QEplus","DB"
"20170816_QEplus_WK_HeLA_6_postclean_itraq3_170816062405_2",28236,40.58,1.4421,35436,4.34,74364,7.74586041137799,109.275440888596,355330307.612445,1.65832134130704,0.543429846024455,-0.0269380816478246,"2017-08-16 03:00:00","QEplus","DB"
"20170817_QECl_MYW_HeLa_50_1",24259,33.97,1.5396,31013,5.71,75771,7.44805675211416,103.087472236308,615089671.577696,1.56476756725687,0.959587454351593,-0.0121359678523953,"2017-08-17 01:00:00","QECl","DB"
"20170817_QECl_MYW_HeLa_50_2",24700,34.36,1.5467,31369,5.71,75771,8.08335203569437,96.5104860301301,479362918.002677,1.83839885737656,0.938224306750065,0.0174286497945488,"2017-08-17 03:00:00","QECl","DB"
"20170819_QECl_MYW_HeLa50_1",27284,37.47,1.4983,33925,4.81,76261,7.41156647738398,68.6746569761951,51875508.6254161,0.55293810769532,0.380587826559739,0.0118321019151421,"2017-08-19 00:00:00","QECl","DB"
"20170819_QECl_MYW_HeLa50_2",27076,37.23,1.4908,33704,4.81,76261,7.45995975674598,103.552161029254,617760686.587797,1.38222520264522,0.959587454351593,-0.0127449571556201,"2017-08-19 01:00:00","QECl","DB"
"20170819_QEplus_ML_HELA_1_1",29748,42.33,1.4236,38079,3.87,77358,8.23403722748459,120.214618518797,615615454.036386,1.23012017317697,0.582398874713999,-0.0146605257862872,"2017-08-19 02:00:00","QEplus","DB"
"20170819_QECl_MYW_HeLa50",27473,37.6,1.4883,34045,4.81,76261,7.46369292895995,103.188735162435,617302863.912972,1.8846605977254,0.959587454351593,-0.0116888609204822,"2017-08-19 03:00:00","QECl","DB"
"20170819_QEplus_ML_HELA_1_2",30044,42.66,1.4268,38377,3.87,77358,8.22772501714729,119.806031285328,614209681.721886,1.66023253368324,0.582398874713999,-0.0197247932308238,"2017-08-19 04:00:00","QEplus","DB"
"20170821_QEplus_ML_HELA_1_1",29557,42.35,1.4114,38834,4.24,77990,8.26110101854894,120.336099989041,710060420.995251,1.2194025660862,0.628863293768546,-0.0031595302588336,"2017-08-21 00:00:00","QEplus","DB"
"20170821_QEplus_ML_HELA_1_2",29818,42.61,1.4173,39071,4.24,77990,8.25750229868011,120.008427217136,708433505.092689,1.64596289070147,0.628863293768546,-0.00162019445063929,"2017-08-21 01:00:00","QEplus","DB"
"20170822_QEplus_ML_HELA_1",28779,40.18,1.483,37951,5.16,78362,8.97156026452167,116.910427738607,589496693.034051,1.60907742495151,0.592823324158374,-0.00685041439139308,"2017-08-22 00:00:00","QEplus","DB"
"20170823_QEHF_SeHu_QC_HeLa_1_1",37459,40.69,0.89837,47423,2.93,102302,6.14157071118034,88.460345535835,561412526.375747,0.657304074163625,0.589185742225859,-0.00513834804542078,"2017-08-23 03:00:00","QEHF","DB"
"20170823_QEHF_SeHu_QC_HeLa_2_1",37830,41.1,0.90183,47904,2.88,102278,6.09930185722844,88.3787118716619,584266243.285405,0.65842794803908,0.587543803655949,-0.00774520334000446,"2017-08-23 04:00:00","QEHF","DB"
"20170823_QEHF_SeHu_QC_HeLa_1_2",38124,41.18,0.89829,48004,2.93,102302,6.13331753521775,88.1083992249158,559132135.680416,0.661697198255225,0.589185742225859,-0.00389357471786873,"2017-08-23 08:00:00","QEHF","DB"
"20170823_QEHF_SeHu_QC_HeLa_2_2",38510,41.6,0.90581,48483,2.88,102278,6.09496361192125,87.976928581839,580359193.62696,0.66149254279074,0.587543803655949,-0.00654050717844193,"2017-08-23 09:00:00","QEHF","DB"
"20170823_QEHF_SeHu_QC_HeLa_3",38853,41.72,0.90978,48981,2.9,102731,6.20443358401667,88.5988031572126,600340804.630091,0.661327295904499,0.587164093133257,0.002765505222568,"2017-08-23 10:00:00","QEHF","DB"
"20170823_QEHF_SeHu_QC_HeLa_4",38609,41.8,0.9026,48743,2.89,102481,6.20709538810198,87.7099373816041,592725609.518414,0.659924579603399,0.588282344145764,-0.00350508753730821,"2017-08-23 11:00:00","QEHF","DB"
"20170823_QEHF_SeHu_QC_HeLa_5",38288,41.81,0.90109,48527,2.86,101972,6.2916806519908,87.3695294562406,590844334.584652,0.661310788034694,0.582839422812272,-0.00274432511479619,"2017-08-23 12:00:00","QEHF","DB"
"20170824_QEplus_ML_HELA_1_1",27533,37.31,1.4567,36279,4.88,79812,8.67399352761442,117.98342531048,620451102.21441,1.22311575970036,0.616900262191539,-0.0195088311130704,"2017-08-24 00:00:00","QEplus","DB"
"20170824_QEplus_ML_HELA_1_2",27873,37.6,1.466,36561,4.88,79812,8.66505810726994,117.676640773337,618544778.333823,1.65343535406261,0.616900262191539,-0.0126564382449613,"2017-08-24 01:00:00","QEplus","DB"
"20170825_QECl_MYW_HeLa01",22706,32.4,1.5344,29170,5.98,73895,8.49925292415536,105.452848183757,638899391.539308,1.8304870763337,0.871510388572812,-0.018826662127074,"2017-08-25 00:00:00","QECl","DB"
"20170828_QEHF_SeHu_QC_HeLa_1",33432,37.05,0.92061,42195,3.66,99042,6.89576417973272,75.2954736092315,519230251.942018,0.627611899584342,0.570813262506937,-0.00219764752811542,"2017-08-28 00:00:00","QEHF","DB"
"20170828_QEHF_SeHu_QC_HeLa_2",34063,37.61,0.92491,43097,3.57,99865,6.84219229284115,75.350959163004,533530498.326769,0.637383114217314,0.576683276732079,-0.00676644254288928,"2017-08-28 01:00:00","QEHF","DB"
"20170828_QEHF_SeHu_QC_HeLa_3",33274,36.95,0.92315,41825,3.55,98521,6.84493793340744,74.3245762827255,514982782.364618,0.628993492456725,0.568698131121643,-0.0213258501732697,"2017-08-28 02:00:00","QEHF","DB"
"20170901_QEplus_ML_HELA_1_1",27575,40.49,1.4549,37537,6.13,76144,9.33139086494291,116.450038392723,582067737.337577,1.16746586228508,0.561109073480294,0.0006144144454647,"2017-09-01 00:00:00","QEplus","DB"
"20170901_QEplus_ML_HELA_1_2",27944,40.93,1.4562,37946,6.13,76144,9.33021407395341,116.074121608352,581523737.103763,1.57019578296139,0.561109073480294,0.00586355982501538,"2017-09-01 01:00:00","QEplus","DB"
"20170904_QECl_MYW_Hela_45_1",26187,38.49,1.4788,33402,3.99,73290,7.36247379995189,109.362690548985,605129954.987458,1.39340612084665,0.854212185571903,-0.0188990708284225,"2017-09-04 01:00:00","QECl","DB"
"20170904_QECl_MYW_Hela_45_2",26395,38.75,1.4771,33627,3.99,73290,7.35544401861484,109.201678671425,603396694.553168,1.8977954276721,0.854212185571903,-0.0235867284215835,"2017-09-04 03:00:00","QECl","DB"
"20170905_QEplus_JLow_HELA_1_1",27428,40.22,1.4337,37000,4.36,76811,8.67325958560802,116.666377132067,557700104.022603,1.23358998234524,0.572746219146325,-0.00432140567833871,"2017-09-05 00:00:00","QEplus","DB"
"20170905_QEplus_JLow_HELA_1_2",27636,40.43,1.432,37200,4.36,76811,8.66925301702236,116.369572937913,557833189.233994,1.66350871805132,0.572746219146325,-0.00771610413748183,"2017-09-05 01:00:00","QEplus","DB"
"20170907_QEplus_ML_HELA_1_1",28181,42.22,1.3978,37097,5.24,74187,8.86939510906338,119.067954219459,614066205.361343,1.18316299287947,0.53866343914326,-0.00260057532739517,"2017-09-07 01:00:00","QEplus","DB"
"20170907_QEplus_ML_HELA_1_2",28473,42.58,1.3975,37415,5.24,74187,8.87342389357892,118.594782654237,612606024.267716,1.59216820350473,0.53866343914326,-0.00771067270569294,"2017-09-07 03:00:00","QEplus","DB"
"20170908_QEplus_ML_HELA_1_1",28603,42.29,1.4035,37921,4.67,75429,8.83422049562956,119.800016307368,632819574.845703,1.21700154954729,0.557050204920751,-0.0066507675445034,"2017-09-08 00:00:00","QEplus","DB"
"20170908_QEplus_ML_HELA_1_2",28927,42.6,1.4139,38194,4.67,75429,8.83068427935361,119.473905673132,631170268.820251,1.64280933278326,0.557050204920751,0.00706328615863964,"2017-09-08 01:00:00","QEplus","DB"
"20170911_QECl_DL_Hela02_1",26837,37.52,1.5179,33760,4.51,75570,7.48889369049216,99.3415466043286,439001484.705646,1.36206948990881,0.933942220780905,-0.0405150838007437,"2017-09-11 00:00:00","QECl","DB"
"20170911_QECl_DL_Hela01",28044,38.46,1.5057,34535,4.22,76015,7.24518364037364,95.199427810561,436591275.302436,1.86438994366426,0.956243246115022,-0.00473431141559575,"2017-09-11 01:00:00","QECl","DB"
"20170911_QECl_DL_Hela02_2",27124,37.76,1.5236,33970,4.51,75570,7.48041478200047,99.1357614053366,437350811.177724,1.85416122009059,0.933942220780905,-0.0352265137168659,"2017-09-11 02:00:00","QECl","DB"
"20170925_QEplus_ML_HELA_1",27708,40.63,1.4492,36921,5.46,75866,8.76018882961421,118.206756308226,622290056.182096,1.62929579282415,0.562270004016333,-0.0220141342009649,"2017-09-25 00:00:00","QEplus","DB"
"20170926_QECl_MYW_AR_HELA01",26593,38.41,1.5107,33976,4,74631,7.21461243747916,101.480380748947,755138855.025008,1.89050641253751,0.902246625313283,-0.0219262039459538,"2017-09-26 00:00:00","QECl","DB"
"20170929_QEplus_BP_HeLa_50_1",26389,40.11,1.4835,34692,6.74,71957,9.73809099369988,108.284389660769,404832968.831615,1.53180783497995,0.516245701554914,0.011010543851286,"2017-09-29 01:00:00","QEplus","DB"
"20171003_QECl_MYW_AR_HELA01_171003155931",25797,37.55,1.5002,31032,3.54,70794,7.22163385490754,93.1795195142287,435242462.830725,1.86908834022048,0.789000849315069,-0.0141104985361162,"2017-10-03 00:00:00","QECl","DB"
"20171005_QEplus_AC_HeLa1",20494,32.8,1.4297,26800,6.54,66719,6.69630059730518,101.633526238169,507145224.753438,1.4616658030282,0.466555713730282,0.00595381398945199,"2017-10-05 00:00:00","QEplus","DB"
"20171005_QEplus_AC_HeLa2",24049,39.43,1.4431,31724,8.47,67381,9.60316972,109.293227890625,637038660.208,1.40139472492,0.471291780283903,-0.00926382206693927,"2017-10-05 01:00:00","QEplus","DB"
"20171010_QEplus_AC_HeLa_35_1",28690,38.84,1.4359,36349,4.62,78317,8.14630625650364,113.681054074484,425954339.396137,1.61349499710588,0.596368478523252,0.00952877529425553,"2017-10-10 00:00:00","QEplus","DB"
"20171018_QECl_AC_HELA01_40_PostSlens",23735,35.27,1.4851,29797,5.56,71284,7.23196894625313,91.8809727082619,487448308.797534,1.83482848325949,0.782411730058683,-0.00836359152976036,"2017-10-18 00:00:00","QECl","DB"
"20171031_QEHF_AC_HeLa_01",37830,41.6,0.94807,47968,3.19,101570,6.68563053322244,96.214828762804,325478305.634877,0.813612382728029,0.648283345939132,-0.00768423294335803,"2017-10-31 00:00:00","QEHF","DB"
"20171031_QEHF_AC_HeLa_02",38195,41.67,0.94709,48109,3.22,101483,6.66569881377404,96.7395380316004,324980848.531614,0.810880313716457,0.648582662823169,-0.0106040563775773,"2017-10-31 00:00:00","QEHF","DB"
"20171103_QEHF_ML_HeLa_1",34874,40.96,0.97136,45808,3.99,96225,7.25963026086957,95.3249147134805,237247917.27205,1.10450897913043,0.595960341031372,-0.0212047232226072,"2017-11-03 00:00:00","QEHF","DB"
"20180205_QEplus_BC_Hela_01",28865,43.48,1.4488,37614,4.45,74726,8.50027189283056,118.993057762163,566011970.246217,2.42053977614116,0.560064897986398,-0.0163556832495386,"2018-02-05 00:00:00","QEplus","DB"
"20180301_QECl_AC_HeLa_40_2",1443,2.41,1.2127,1501,3.84,43145,4.98765342163355,38.3455176841827,11851825.8498896,0.446230014716703,0.411066877533543,0.192469176253602,"2018-03-01 00:00:00","QECl","DB"
"20180307_QEPlus_BC_HeLa_01",29998,42.02,1.4111,37114,2.58,77392,7.03412415847483,121.335100226591,540307464.977659,0.719231586207924,0.600076446635234,-0.0089540741609595,"2018-03-07 00:00:00","QEplus","DB"
"20180307_QEPlus_BC_HeLa_02",30150,41.46,1.4009,37150,2.52,78181,6.90793131949813,121.277961103279,530192955.43795,0.719999104150562,0.609117604060914,-0.0257008949666436,"2018-03-07 00:00:00","QEplus","DB"
"20180305_QEplus_AC_HeLa1",26629,42.14,1.498,36489,6.36,73410,8.98059061359867,118.823856724728,663549117.747927,2.6945393731675,0.536520648952478,-0.0131646959799981,"2018-03-05 00:00:00","QEplus","DB"
"20180305_QEplus_AC_HeLa11",26629,42.14,1.498,36489,6.36,73410,8.98059061359867,118.823856724728,663549117.747927,2.6945393731675,0.536520648952478,-0.0131646959799981,"2018-03-05 00:00:00","QEplus","DB"
"20180228_QEHF_MYW_HELA01NewColumn",38078,41.56,0.97158,48882,2.8,103368,6.44114253968254,98.8142092879613,452416850.315193,0.924370593514739,0.64284983125,-0.00974018674782229,"2018-02-28 00:00:00","QEHF","DB"
"20180316_QEplus_BC_Hela",29171,41.43,1.4367,36912,3.56,77039,7.74246988986717,117.494133403558,493604620.391447,1.97039736975795,0.587236704418345,-0.00331720188001187,"2018-03-16 00:00:00","QEplus","DB"
"20180323_QEplus_BC_HeLa_01",17641,63.88,0.79565,18843,0.27,28231,8.81861217314876,128.875710906262,133174840.892112,0.375286272412657,0.701559617472647,-0.0126008609068442,"2018-03-23 00:00:00","QEplus","DB"
"20180327_QEplus_KG_HeLa_01",28049,41.32,1.4572,36949,4.09,76315,8.17175548283566,117.751233684991,676092590.292942,1.74464249054466,0.568276783032271,-0.0310416943292151,"2018-03-27 00:00:00","QEplus","DB"
"20180417_QEplus_BenP_HeLa_46cm_1",22520,40.64,1.5523,33198,8.1,68179,9.86437376460018,113.088988530198,478837171.49498,1.58417158678073,0.487309007367871,-0.0327644181542118,"2018-04-17 00:00:00","QEplus","DB"
"20180423_QEplus_BenC_HeLa_35cm_01",27238,39.37,1.4486,34308,3.29,75374,8.00464157016292,104.255507688411,256210397.441683,1.78008417148356,0.571502699687032,-0.0304353737375742,"2018-04-23 00:00:00","QEplus","DB"
"20180423_QEplus_BenC_HeLa_35cm_02",27291,39.45,1.4489,34407,3.4,75346,7.96458723488734,106.005518809518,273320575.091817,1.77027012361447,0.570172571952213,-0.0411459712838285,"2018-04-23 00:00:00","QEplus","DB"
"20180423_QEplus_BenP_HeLa_SteveB_test_02",30688,47.17,1.4323,40508,3.58,74741,7.87771966669501,115.493025751585,435851353.37698,1.79845598480855,0.565491395583681,-0.00329643335296338,"2018-04-23 00:00:00","QEplus","DB"
"20180323_QEplus_BC_HeLa_011",17641,63.88,0.79565,18843,0.27,28231,8.81861217314876,128.875710906262,133174840.892112,0.375286272412657,0.701559617472647,-0.0126008609068442,"2018-03-23 00:00:00","QEplus","DB"
"20180327_QEplus_KG_HeLa_011",28049,41.32,1.4572,36949,4.09,76315,8.17175548283566,117.751233684991,676092590.292942,1.74464249054466,0.568276783032271,-0.0310416943292151,"2018-03-27 00:00:00","QEplus","DB"
"20180417_QEplus_BenP_HeLa_46cm_11",22520,40.64,1.5523,33198,8.1,68179,9.86437376460018,113.088988530198,478837171.49498,1.58417158678073,0.487309007367871,-0.0327644181542118,"2018-04-17 00:00:00","QEplus","DB"
"20180423_QEplus_BenC_HeLa_35cm_011",27238,39.37,1.4486,34308,3.29,75374,8.00464157016292,104.255507688411,256210397.441683,1.78008417148356,0.571502699687032,-0.0304353737375742,"2018-04-23 00:00:00","QEplus","DB"
"20180423_QEplus_BenC_HeLa_35cm_021",27291,39.45,1.4489,34407,3.4,75346,7.96458723488734,106.005518809518,273320575.091817,1.77027012361447,0.570172571952213,-0.0411459712838285,"2018-04-23 00:00:00","QEplus","DB"
"20180423_QEplus_BenP_HeLa_SteveB_test_021",30688,47.17,1.4323,40508,3.58,74741,7.87771966669501,115.493025751585,435851353.37698,1.79845598480855,0.565491395583681,-0.00329643335296338,"2018-04-23 00:00:00","QEplus","DB"
"20180503_QEplus_BenP_HeLa_1",28467,39.6,1.4305,36366,3.47,78165,7.48471122407355,116.092549351207,424213441.405441,0.730146484012677,0.600852622317597,-0.0180096615797979,"2018-05-03 00:00:00","QEplus","DB"
"20180511_QECL_JL_HeLa_newcolumn1",20699,30.77,1.5162,25738,3.53,70786,6.90796377568791,105.387001943709,471710994.984326,1.73860479889411,0.787900781352594,-0.0447878751632287,"2018-05-11 00:00:00","QECl","DB"
"20180511_QECL_JL_HeLa_newcolumn2",22200,31.84,1.5324,28315,4.09,75190,7.53261418399775,105.518417654583,493445873.687598,1.76281080180216,0.938689303780965,-0.0381270680153308,"2018-05-11 00:00:00","QECl","DB"
"20180511_QECL_JL_HeLa_newcolumn11",20663,30.87,1.5225,25826,3.53,70786,6.90751081725558,105.084159773931,469795329.83308,2.30003712616519,0.787900781352594,-0.0400178683836392,"2018-05-11 00:00:00","QECl","DB"
"20180511_QECL_JL_HeLa_newcolumn21",22140,31.94,1.5374,28403,4.09,75190,7.54416097854422,105.32297713866,492484160.493283,2.32605372729096,0.938689303780965,-0.0434665713853914,"2018-05-11 00:00:00","QECl","DB"
"20180521_QEplus_KG_Hela_45",22989,34.2,1.5273,30831,4.49,75109,8.31839293357864,106.108465797088,288999967.465175,2.04255554680284,0.590607208550134,-0.0430829324214801,"2018-05-21 00:00:00","QEplus","DB"
